5fdf6f9ea0dfc8ebb7c1130dd2d617fc48db11952df8b6f69a847677bbd02c00	10615	INDEPENDENT-READBACK.json
b4845268c309c22c9e8ca5e890966bcaab894a4d5a6d52267d030d71b9b3227a	19449	READ-FILE-HASHES.json
ac3f6130ee59a3bb84dec739e81ab9a5e576736596203ea0a7f691eba0070a4c	522	READBACK-RECEIPT.json
e3b0c44298fc1c149afbf4c8996fb92427ae41e4649b934ca495991b7852b855	0	READBACK.stderr
8ea32a797afcb39035028dc5e5b0a6f546250591f60d3e24a397eed2787f0814	266	READBACK.stdout
3c3140270a1dfd8a5ab676c0e30eeed3dd544eba74737786ce6713a01147d51e	11660	REVIEW-RESULT.json
6f74bf8c3d41566f51a57ab773c2a86e64e65883b7528e566071de14ba20a77b	5277	REVIEW.md
69dc9097192103b11d6c89c4f08238f7b17dd4041d45d73754e3c705b164864a	770	SOURCE-AFTER.json
69dc9097192103b11d6c89c4f08238f7b17dd4041d45d73754e3c705b164864a	770	SOURCE-BEFORE.json
b5cd17efd24db4bb553b1620b1d06dbebebf774d89214495bd829856e2dca10d	448	TOOL-CLOSURE.json
690bc40d4713d71bef17889b1782c1e5e8f98d2462e146cf14b941a253e3e7b1	77	ac-full190-cargo-footer.txt
a090b89fe13989ca12928591d914cd1f8aedc6e3d33879d0c96ba7589ecc8115	99414	five-path-staged.patch
990e037d4a1fdd469b234d49e2a6b8090af269f2419f3ca0c266a5c117df3a2e	219	git-status.txt
13f104809279311c9fae246ca3506209c27d9fdee0c1d7fc74656a71189f33e1	77	original-http8-cargo-footer.txt
616a5f2c855522a663d774b1fa87bb1041e5c6d22266c174d869ca75cee5bea8	16490	read_only_check.py
d22e34dc3d67f9e473e5a945905809e181c2907c172dde1b1ac4e98f1d127cbd	8434	reviewed-source/README.md
6f7a60156e525e4ff11495d3598191eb3aa3ea734f494299299b348deb91880f	19329	reviewed-source/replay_http_gate.py
f7a7427658011c9e04956f0266bd58f7c6abd895740526eac1cfdc3338f48ca1	3081	reviewed-source/replay_shared_responses.py
0a2bf8bc66b8600d99e5b3e915aef57b684594531e6f848c92d18968e53ccabb	26875	reviewed-source/shared-responses-source.json
e11c2865f34d6a8e2e90fe92b4bd47eb65b958c7030580c388ecbed35173f8ac	60620	reviewed-source/shared-responses.patch
