b140764e416dac644b45ed8c0b6bd1c71eb9b578cb3b5b19d2530a94cea4cfec	520415	01-original-test-RED-source/PRODUCT_DESIGN.md
d63537c3b499493a13a81e7b6151926603f3895da5199ee2542a2e784d0ecdc2	10219	01-original-test-RED-source/apps/web/src/features/authoring/LocalTaskDocument.test.tsx
c462fdd758283043df029f3b92e92a90a0cb9958701f5d3a8f664bbc717afd24	4514	01-original-test-RED-source/apps/web/src/features/authoring/LocalTaskDocument.tsx
c1c81c73e17efa0ed06461fc7221a45dc8488ed0931a2d33f8f94721c3091046	987	01-original-test-RED.receipt.json
e3b0c44298fc1c149afbf4c8996fb92427ae41e4649b934ca495991b7852b855	0	01-original-test-RED.stderr
a6a4f2ab505a4822d27d3467843262735541380d1c7425cdfd117038a6a8681b	283	01-original-test-RED.stdout
b140764e416dac644b45ed8c0b6bd1c71eb9b578cb3b5b19d2530a94cea4cfec	520415	02-commit-boundary-counterexample-RED-source/PRODUCT_DESIGN.md
e332addaf37a026dc6b6f454dfcf36d55ab0dc525983cdac12575249b876dbd9	11703	02-commit-boundary-counterexample-RED-source/apps/web/src/features/authoring/LocalTaskDocument.test.tsx
c462fdd758283043df029f3b92e92a90a0cb9958701f5d3a8f664bbc717afd24	4514	02-commit-boundary-counterexample-RED-source/apps/web/src/features/authoring/LocalTaskDocument.tsx
cde1cc30405777c2d512820afd8b2976eda3f3b251d08aaac7a6a36721f3b8f8	987	02-commit-boundary-counterexample-RED.receipt.json
7f507269fdb9f617e3e4271dbfda0392d34958b7313ac92e99c252836987fb86	816	02-commit-boundary-counterexample-RED.stderr
0386fea45a8558bd815622e2843e70c2072893dae6d7d80dc9d503a502448460	479	02-commit-boundary-counterexample-RED.stdout
b140764e416dac644b45ed8c0b6bd1c71eb9b578cb3b5b19d2530a94cea4cfec	520415	03-commit-boundary-GREEN-source/PRODUCT_DESIGN.md
e332addaf37a026dc6b6f454dfcf36d55ab0dc525983cdac12575249b876dbd9	11703	03-commit-boundary-GREEN-source/apps/web/src/features/authoring/LocalTaskDocument.test.tsx
6fa7850050a7e5c8ee4ba9c8ec230d5d6e43833cbbc1b129f72eca3a5f5eec0e	4676	03-commit-boundary-GREEN-source/apps/web/src/features/authoring/LocalTaskDocument.tsx
09e1b2b41fc40b54344fb1e6a1ff15398c15928c60c952f938543e897310b7eb	986	03-commit-boundary-GREEN.receipt.json
e3b0c44298fc1c149afbf4c8996fb92427ae41e4649b934ca495991b7852b855	0	03-commit-boundary-GREEN.stderr
da7dcebcd775b1475760d9cce0bc1f363cec44fb64faf27acff643c2e6444ac7	283	03-commit-boundary-GREEN.stdout
b140764e416dac644b45ed8c0b6bd1c71eb9b578cb3b5b19d2530a94cea4cfec	520415	04-final-21cases-GREEN-source/PRODUCT_DESIGN.md
020791709488cbd5bb96f796bbc85c742f019e584297e05de04d4d9eec19e18a	13761	04-final-21cases-GREEN-source/apps/web/src/features/authoring/LocalTaskDocument.test.tsx
6fa7850050a7e5c8ee4ba9c8ec230d5d6e43833cbbc1b129f72eca3a5f5eec0e	4676	04-final-21cases-GREEN-source/apps/web/src/features/authoring/LocalTaskDocument.tsx
a9be216353be761dd9d397829145484d82c454591216304c60fc8b8cb769b6c5	987	04-final-21cases-GREEN.receipt.json
e3b0c44298fc1c149afbf4c8996fb92427ae41e4649b934ca495991b7852b855	0	04-final-21cases-GREEN.stderr
f8c48560e347e62c661cd2c0f65f5d547515d3b46024f0f393d360d4a97d16f7	283	04-final-21cases-GREEN.stdout
ccd9a180a011587c24bb177c2ceacd2186cf05fb3854834d7708579c44023567	1007	05-original-web-lint.receipt.json
e3b0c44298fc1c149afbf4c8996fb92427ae41e4649b934ca495991b7852b855	0	05-original-web-lint.stderr
b9df407f06dd3350bcb5d41df640c2603d5d70f268d57fe256fe1159da11cc68	92	05-original-web-lint.stdout
bc5e65d6eafa263c0129160325934da491e153a09418a7db25ac7e063207df6e	1011	06-original-web-typecheck.receipt.json
e3b0c44298fc1c149afbf4c8996fb92427ae41e4649b934ca495991b7852b855	0	06-original-web-typecheck.stderr
2226e6b8da4fc06b00505a3719b993d066233c300edc12ea80fa62988b33dd6d	59	06-original-web-typecheck.stdout
9ee8857be41e3029c8ebf0a61fed439c3bd28f550715da9d4c6c8d719c323e2e	1196	07-original-complete-web-vitest-once.receipt.json
e3b0c44298fc1c149afbf4c8996fb92427ae41e4649b934ca495991b7852b855	0	07-original-complete-web-vitest-once.stderr
66634ec7a6a12d2c6ab1b5c21ac75426da86d0741ea91fddc4eb6a9e417e15ae	644	07-original-complete-web-vitest-once.stdout
b37548d44786798a47e4aeb3351054de760add0781d8c4598b1520bac77c67ac	1108	BEFORE-AND-OWNED-DEPS.json
ee1409e3f4c83436bdeb21cce9b6084c51169e750bc5c856f1a81e31bbca611f	2726	FINDINGS-AND-LIMITS.md
dc7693643a1d333e667060cf7461719b1b89e79f0868af09cd676e44eacc11f0	500	FINITE-WRITER-ERRORS.json
f5ad9ae2d517e39380e227d9b557729cca19d25158b7d45d22123998752d83a8	4378	SOURCE-AND-TEST-ADMISSION.json
2e7f6166a0a7527da6c5402cf341fab5437996ea50124f13ae1c8a0f695bd03b	914	TERMINAL.json
45175b725e545596db2ba456d1bca56ef0d75bb618af51eda6378c5b900aced6	6302	TWO-FILE-FIX.patch
9b8d66550480d2f086f5195642406b9c2258654e8d8e5758f84c2400ea46382c	574615	canonical-after-map.json
c7c26bb48ff10bbffb3c26e0d7da5e19cc9c52e0bb35a33e5429f8e67e16ece7	13437	collect-finite-fix-evidence.py
1b03d0ee7056f8bf78620aeda60f5162c5bbec23102409b5699997171d885182	195	diff-check.receipt.json
e3b0c44298fc1c149afbf4c8996fb92427ae41e4649b934ca495991b7852b855	0	diff-check.stderr
e3b0c44298fc1c149afbf4c8996fb92427ae41e4649b934ca495991b7852b855	0	diff-check.stdout
8123f546f95eb5d2b17498fb45010f991b3d3201f9dfdf48485006159814b997	574736	isolated-after-map.json
9b8d66550480d2f086f5195642406b9c2258654e8d8e5758f84c2400ea46382c	574615	isolated-before-map.json
e313521f7c6cce18aababb1aba91fd401221fdab07c94124199630cdba908910	285260	original-user-after-map.json
b4b92824eb46e37b962764526959589c76b4ad3129baf0633ac6d6dc3d351610	344	patch-reverse-check.receipt.json
e3b0c44298fc1c149afbf4c8996fb92427ae41e4649b934ca495991b7852b855	0	patch-reverse-check.stderr
e3b0c44298fc1c149afbf4c8996fb92427ae41e4649b934ca495991b7852b855	0	patch-reverse-check.stdout
bc3f3dcb6beb66b16605baa46fdc93ee84ca6d6a8260fb01d82c8fe931db1dc5	1702	run-owned-vitest.py
7ce68246ccc42a45e948eebb59b62cc797803a91b31a5ba77e9836cc271e8cda	1737	run-owned-web-command.py
a28616857010ac6d51c3b047bb81398f53d8e75276164160a2eb30b9c8645e9d	572522	runtime-after-map.json
d63537c3b499493a13a81e7b6151926603f3895da5199ee2542a2e784d0ecdc2	10219	source-baseline/apps/web/src/features/authoring/LocalTaskDocument.test.tsx
c462fdd758283043df029f3b92e92a90a0cb9958701f5d3a8f664bbc717afd24	4514	source-baseline/apps/web/src/features/authoring/LocalTaskDocument.tsx
020791709488cbd5bb96f796bbc85c742f019e584297e05de04d4d9eec19e18a	13761	source-final/apps/web/src/features/authoring/LocalTaskDocument.test.tsx
6fa7850050a7e5c8ee4ba9c8ec230d5d6e43833cbbc1b129f72eca3a5f5eec0e	4676	source-final/apps/web/src/features/authoring/LocalTaskDocument.tsx
