ae7d2e3b1b2412e063cd87a8726c87dd0251770450c3945a58a3573880a6cf6b	924	01-contract-RED.receipt.json
e3b0c44298fc1c149afbf4c8996fb92427ae41e4649b934ca495991b7852b855	0	01-contract-RED.stderr
35cbe027f8e0ea3ae904e54869a25f5edfe5a45a31cf8f3a0700ef0f04d87c84	1111	01-contract-RED.stdout
a95ada783bfbbad600143301a2c053655cefa7280e8c56912f8eae826646351d	925	02-contract-GREEN.receipt.json
e3b0c44298fc1c149afbf4c8996fb92427ae41e4649b934ca495991b7852b855	0	02-contract-GREEN.stderr
cd17e828dc75cb3190a917bd6d7dcc874f8afa95db5980d8dae3bb7e0c763d04	228	02-contract-GREEN.stdout
dfa30387ad1be876c6dba5302e709e58d21e8f4a0b52c815ff50c80065023732	925	03-failure-freeze-RED.receipt.json
e3b0c44298fc1c149afbf4c8996fb92427ae41e4649b934ca495991b7852b855	0	03-failure-freeze-RED.stderr
9fa5415e1a8104fcbc8f0e25a0eb69a005e4b744bff602754d76b8264285f7f5	943	03-failure-freeze-RED.stdout
b8490e73080ae43b029cfdadf8d626f88431144d97dd145475af048253b5af71	925	04-failure-freeze-GREEN.receipt.json
e3b0c44298fc1c149afbf4c8996fb92427ae41e4649b934ca495991b7852b855	0	04-failure-freeze-GREEN.stderr
2ad7d8e17b5568f55179fd26826daf896921a580a769a2800eb6f939c6802c62	343	04-failure-freeze-GREEN.stdout
d24aea62676c4403a73c625b3664587464fb189c50578d5499a7ecabf85e435c	925	05-storage-error-RED.receipt.json
e3b0c44298fc1c149afbf4c8996fb92427ae41e4649b934ca495991b7852b855	0	05-storage-error-RED.stderr
e25642efb07edb125c35d8f39c77b294a03944c15c8e3dbc4ed8ecfdcadbdaec	2215	05-storage-error-RED.stdout
7cc14f27cefc89627dcdfaac1fb43224ddff497791a8e572c3b8aa8d257240a5	925	06-storage-error-GREEN.receipt.json
e3b0c44298fc1c149afbf4c8996fb92427ae41e4649b934ca495991b7852b855	0	06-storage-error-GREEN.stderr
390bcadd85413761b11b55a03678b04e5d17c295c8f73ec33451194e10391756	547	06-storage-error-GREEN.stdout
a5d3a0b266f3e1d59b2d9ec47232450b8322119869add357d56f9feb5c9162a2	925	07-closed-metadata-RED.receipt.json
e3b0c44298fc1c149afbf4c8996fb92427ae41e4649b934ca495991b7852b855	0	07-closed-metadata-RED.stderr
b11cf8cebff1fb8e0dfce66ab4ecd1937d184e179df588b94ac5aac936eeda38	1486	07-closed-metadata-RED.stdout
40942608f8ca443c2e620a24a022bbe6e34f7e5aa890d62c2674f618749d5184	924	08-closed-metadata-GREEN.receipt.json
e3b0c44298fc1c149afbf4c8996fb92427ae41e4649b934ca495991b7852b855	0	08-closed-metadata-GREEN.stderr
2c4efe801b1f4bc8278307c4c6c22928d57559e86e91dddccccbbd1693eb844f	665	08-closed-metadata-GREEN.stdout
39c4ad0805893f10ea8227821c76fb55c1aed2045af0571d9daced26fe7e4a06	923	09-boundary-fixtures-GREEN.receipt.json
e3b0c44298fc1c149afbf4c8996fb92427ae41e4649b934ca495991b7852b855	0	09-boundary-fixtures-GREEN.stderr
e7fec5f98db1adda0153257de6dcb155d981fcf4f1029dd7ac3761022bd54814	1068	09-boundary-fixtures-GREEN.stdout
8565973bfe5dc07201f71594c11129ddba83fb94914637f3d31574609c322cc0	924	10-integrated-GREEN.receipt.json
e3b0c44298fc1c149afbf4c8996fb92427ae41e4649b934ca495991b7852b855	0	10-integrated-GREEN.stderr
8d6161d04f0742d60f0ee9acb06c1da52f6632609e636811ca4db7949d6eba97	1066	10-integrated-GREEN.stdout
85327c5b4d28e39dcaf35da7c020f1aea32546dc63e49a45554b3aa2726a7fe5	925	11-final-GREEN.receipt.json
e3b0c44298fc1c149afbf4c8996fb92427ae41e4649b934ca495991b7852b855	0	11-final-GREEN.stderr
0a9fd624ac2c23232f83bcb38cc70b6f359def8f92fb36a3bf84341460607ca6	1547	11-final-GREEN.stdout
f47f0e5a8017187c99f10afb1dba1a1371892b7d4488a8aae74e1487650cad9b	924	12-sealed-source-GREEN.receipt.json
e3b0c44298fc1c149afbf4c8996fb92427ae41e4649b934ca495991b7852b855	0	12-sealed-source-GREEN.stderr
8fa7037d9779dca2b4fc695d046e72c842ad706eee3d68adf63e3db921184393	1548	12-sealed-source-GREEN.stdout
83c5621f2bf997eec012a5a7ae54cdaf18bec1969a401412d592aa1331846117	4795	DESIGN-AND-LIMITS.md
09cca62e8f03aad0643f06d19b3b0a9eed76c3e77a4a8f438fac03f169ab23b7	1382	FINITE-COLLECTOR-EXTERNAL-HEAD-GUARD.json
6b9f46c6da094442daf6f45e8e81650560e04f08b5127efbeea58778868e429e	813	FINITE-COLLECTOR-PARSER-ERROR.json
7aded996258078a161e1cac4eb1a601c3d2a2374264dab8e5b1e3c152a878a89	541	OWNED-NODE.json
055a9e6ccdf58876b98074b701c6c368dbf41de4c1fffcf02d7f310b80033746	11743	SOURCE-AND-SCOPE-ADMISSION.json
e41e62931c1bc9f7517e39478bdbf310b7ef5454865bbcf8f4ac27ae0e4b903d	1113	TERMINAL.json
2dbaa19e902133c18b23d79216a1bb56dada2a53800bfad5cbf273a18563bfdb	22671	TEST-ONLY.patch
9b8d66550480d2f086f5195642406b9c2258654e8d8e5758f84c2400ea46382c	574615	canonical-after-map.json
f262949b5889f9b6a255a7aad421124ccb494e33d0a76c0798590ecb05cad83d	574615	canonical-before-map.json
abf48ab00452ab9d70f5a9eed975ae304fe5cfaef2167c9b94904c20bef7a59e	9287	collect-finite-tool-evidence.py
e3b0c44298fc1c149afbf4c8996fb92427ae41e4649b934ca495991b7852b855	0	diff-whitespace.stderr
e3b0c44298fc1c149afbf4c8996fb92427ae41e4649b934ca495991b7852b855	0	diff-whitespace.stdout
54753eb2a7112e80eb497e55c6c3970f6c95a4ea12b2dcc26ef844d2180d4872	9078	failed-tool-sources/collect-finite-tool-evidence.head-guard.py
aa062d5876e0e18df4841fc4678e1594559e9c38affee287f91001fa3d29b76e	9078	failed-tool-sources/collect-finite-tool-evidence.syntax-error.py
86e7804604c6ad0fc09480c8ee720d2771121a3d45125409bc37cf5c7b664129	572653	isolated-after-map.json
a28616857010ac6d51c3b047bb81398f53d8e75276164160a2eb30b9c8645e9d	572522	isolated-before-map.json
e3b0c44298fc1c149afbf4c8996fb92427ae41e4649b934ca495991b7852b855	0	observer-syntax.stderr
e3b0c44298fc1c149afbf4c8996fb92427ae41e4649b934ca495991b7852b855	0	observer-syntax.stdout
e313521f7c6cce18aababb1aba91fd401221fdab07c94124199630cdba908910	285260	original-user-after-map.json
e313521f7c6cce18aababb1aba91fd401221fdab07c94124199630cdba908910	285260	original-user-before-map.json
e3b0c44298fc1c149afbf4c8996fb92427ae41e4649b934ca495991b7852b855	0	patch-reverse-check.stderr
e3b0c44298fc1c149afbf4c8996fb92427ae41e4649b934ca495991b7852b855	0	patch-reverse-check.stdout
a8c37438f27d9ca4fa185617ecd68ce883d64712d09092f2ea32bdf10eb425c9	1418	run-unit-check.py
a28616857010ac6d51c3b047bb81398f53d8e75276164160a2eb30b9c8645e9d	572522	runtime-after-map.json
a28616857010ac6d51c3b047bb81398f53d8e75276164160a2eb30b9c8645e9d	572522	runtime-before-map.json
000ceb66d0d42e5f37d2a82845dce33749f5c3df2e7a59dfef6cbb82b7b007ac	42294	source-baseline/tests/e2e/authoring-groups.spec.ts
ce373478f5d1690a22e8a6da855257b4cbefbe34191b8fd0ed4f4cf8c3b88145	8887	source-final/tests/e2e/authoring-grant-diagnostic.unit.mts
f5c21aed27f38b375bcbdd97cf843d23c2c5c85d566ada60cce65a454dffb527	42832	source-final/tests/e2e/authoring-groups.spec.ts
5a8a738821d842845adf1561367dba9bb82c1690150cb23776b59c6af18aeda2	7469	source-final/tests/e2e/authoringGrantDiagnostic.ts
e3b0c44298fc1c149afbf4c8996fb92427ae41e4649b934ca495991b7852b855	0	spec-syntax.stderr
e3b0c44298fc1c149afbf4c8996fb92427ae41e4649b934ca495991b7852b855	0	spec-syntax.stdout
