2f970421c4ed8d4e8b17dc192128634454ba0e1b7d7c711711e39c5e2f6c1af0	8318	READ-FILE-HASHES.json
503218123837564ca06e5c682812d7badaf562955927b8973428a4d83e97d0fc	537	READBACK-RECEIPT.json
e3b0c44298fc1c149afbf4c8996fb92427ae41e4649b934ca495991b7852b855	0	READBACK.stderr
a2540fb9c045e6e3b0eebc5f533464bdc9859fb33c98033e03aa1c1025ef4367	208	READBACK.stdout
5ed2627cc2360040b7e1af9278c329aa2f5f83aa8da4bff117d48a7a72ed090a	459	REVIEW-PATH-LOOKUP-ERROR.json
a405bd25ab891f7c8cb5a221f6c4c460b4898715d9a06421310a323396eb394d	3877	REVIEW-RESULT.json
fbd120eec2fe2cb25e97ac3dd62924c5b709f6e9cfc032c1b3dfc3adb6dfe441	5894	REVIEW.md
79c2fdf72a288d630023e984a7ea955be8da2fd960ed059f75801388a7889370	1001	SOURCE-AFTER.json
79c2fdf72a288d630023e984a7ea955be8da2fd960ed059f75801388a7889370	1001	SOURCE-BEFORE.json
358e671755a843a39d2bd0696b53dd4d6155a466058fa9f24e18d1fb41a1449a	550	TOOL-CLOSURE.json
9604ca6ac4a81522dc9db7225482d64f0f5591ec4d5c6a67fc3a724dc7925784	17024	read_only_check.py
ed886d871b273ed805b05c9c68e106b76a55da7cb3903c1fca216222b3b2a66c	620	receipts-read-only-snapshots/01-native.command.json
680adfe9934c32ae70b34434cc857f51249fd2b2dd364a0c012dbdf738ade7da	138	receipts-read-only-snapshots/01-native.start.json
9d5a3af426708a77e04dd89db3aa35802d626a07a8f20df33a24da37e44595b5	1418	receipts-read-only-snapshots/FREEZE.json
f5cfffcea4391a7e4c35b659d9e613feed97c2ae456f1ab24bfaa03c0a36a878	875	receipts-read-only-snapshots/INHERITED-PYTHON-SCOPE.json
bbd2890ea29dff76a7e10a671f6cc582128be31e856300a49313ba6da2a68f7b	992	receipts-read-only-snapshots/LAUNCHER-COMMAND.json
257b4b09e5927118d5798e2760cb558a14f2c52bc1867f7462ebb9e9afd0fb40	645	receipts-read-only-snapshots/LAUNCHER-RECEIPT.json
abb66188f459c7df14c3f72367b35136af8281418b1ed2395db89d070117df00	915554	receipts-read-only-snapshots/before-native-SOURCE-MAP.json
62c71e8948d7910a9077baf4b2b2887b77073d58a5d7a2c34e258961a8330c83	3518	receipts-read-only-snapshots/config-READBACK.json
d55612b1b0af632d852a61e9af8e97e9b405bfba2ea9cbb8a7f9f5468ffc77f7	1615	receipts-read-only-snapshots/config-actual-config-import.receipt.json
e3b0c44298fc1c149afbf4c8996fb92427ae41e4649b934ca495991b7852b855	0	receipts-read-only-snapshots/config-actual-config-import.stderr
fe893e734cb34cde5ad6d6f3c79d2d0631257ec781efe0214b365d59791a2c26	204	receipts-read-only-snapshots/config-actual-config-import.stdout
603cc22d45d75d9a4c2db5181be22c070a5de3c3c3f8ad25f613edf2b3ce202f	984	receipts-read-only-snapshots/config-original-playwright-list.receipt.json
e3b0c44298fc1c149afbf4c8996fb92427ae41e4649b934ca495991b7852b855	0	receipts-read-only-snapshots/config-original-playwright-list.stderr
09cb7ba19b9aa9255848f3b81bd4607a8e2eddb1f7c67ecf9bb1fd7d62d46c56	18545	receipts-read-only-snapshots/config-original-playwright-list.stdout
61bb48fc4b2c96b1c2c1888d39eda7378a8399a46fa1b1d0693f45f8c8eb9a02	9560	source/INTEGRATED835-WRAPPER-DELTA.patch
ce373478f5d1690a22e8a6da855257b4cbefbe34191b8fd0ed4f4cf8c3b88145	8887	source/authoring-grant-diagnostic.unit.mts
f5c21aed27f38b375bcbdd97cf843d23c2c5c85d566ada60cce65a454dffb527	42832	source/authoring-groups.spec.ts
5a8a738821d842845adf1561367dba9bb82c1690150cb23776b59c6af18aeda2	7469	source/authoringGrantDiagnostic.ts
9f77cb3acbb96209ec3742aaa5da026ab418ea8ba3d0babc4b9a9aa2bb49cb28	1492	source/playwright.config.ts
de636aa4606cbc20864b2f46cf9197f01ed293247effbf462848d8f129303c74	11680	source/run-integrated835-native-storage-isolated-detached-owned.py
496dd89cd2bc09a0995636645e0b56634296d690d19c4272c88dbc3e3096e9a1	9716	source/run-native-storage-isolated-detached-python-owned.py
