fda3e23c4d66e33a51ec7f51140e94df3a70babe1b4381680530b895d72c9653	17199	ACTUAL-FRESH-TERMINAL-RECEIPTS.json
f0f9b61d3654b79d4ecb32096deae6f78e136d6069898d8208df7653a9337279	187	B03-r2-115-PRESERVATION.json
10cffddee0556abad4a8e700bce0d94d30a7fbfc0fe13ed546a7c6a544b727c0	1396	BASE-AND-PRESERVATION.json
9ec52d9ab35a559082a158e1daefa5a92af0e3e95e5cd1ec88281b671c74cbfc	379	COMMENT-AND-PATCH-IDENTITY.json
f21a2b9fe363d596f7bfdc751409faed58388d1ad798eb398bb040d2c25a6705	925	FINAL-BINDING-REVIEW.json
48d234de8a813a84479a17e0e9614346df6436a588177f1a30e88946014a8787	5726	REVIEW.md
9d0005089edd9621a0fd56bf83391a6b3340c3032319f18a3b7f4980ac87e7f6	896	SOURCE-AFTER.json
682670ac6ddab7999580dd92ff4cdf5718d98d3ad2d08541223349c4cccde380	591	SOURCE-AND-PREPARE-REVIEW-RESULT.json
9d0005089edd9621a0fd56bf83391a6b3340c3032319f18a3b7f4980ac87e7f6	896	SOURCE-BEFORE.json
9efa7356ad47e77b48a89bf523ae7e3bf4b8c4faebfc1bb18db11185ab7f041c	3545	STATIC-ENTRY-REVIEW.json
4044e38c388f354da072459cfd9756906022ddd555530335a5741a9f685b9423	665	TERMINAL-REVIEW-RESULT.json
22464f21b844342d1e7cf7bc7ad94ca23cc0bfe81462d7041e7c2f151cbdeaa5	1306	TOOL-CLOSURE.json
8c102534ce4eb43b8fdd58ed4bd4f65de456051617e85f0908b9e4a839df26c7	20501	comment-source/codex-rs/core/src/responses_producer_tests.rs
e3b0c44298fc1c149afbf4c8996fb92427ae41e4649b934ca495991b7852b855	0	final-binding.stderr.log
a82866761580afc949859a11b521471a640e16750cd306b133ee0f0a1d9920f4	925	final-binding.stdout.log
256143cdda8c001d733611aa19b758ea0c653b48d0d8e6dd3192ade0be3a296e	1854827	fresh-graphs/core-final-files.json
256143cdda8c001d733611aa19b758ea0c653b48d0d8e6dd3192ade0be3a296e	1854827	fresh-graphs/final-files.json
256143cdda8c001d733611aa19b758ea0c653b48d0d8e6dd3192ade0be3a296e	1854827	fresh-graphs/normalized-files.json
8fcd67d47d16b4c2a740726e9546d7bb1daccb56bb8cbe2741b1458b3121e7d4	1853598	fresh-graphs/original-files.json
c4f85a126f5ae6f9ac2ed7d24aa1628f47c0f9cfd84597b5ebff14e0cbfaf409	1854827	fresh-graphs/patched-files.json
3e6f483257d4ba82035006ef302cfbf311e313883ab2c3539ce71a0bfdb04d90	2071	fresh-receipts/cargo-version/command.json
e3b0c44298fc1c149afbf4c8996fb92427ae41e4649b934ca495991b7852b855	0	fresh-receipts/cargo-version/stderr.log
c034ed37e1ee0ec102326f27e9b3b8fe6a481f8c8ad28df58a2e117b241c0f0e	339	fresh-receipts/cargo-version/stdout.log
007cfaa1ea9c0c3499913e7f8a6d0e52415b2e323a33f56f02a0acdf0ad56d93	2210	fresh-receipts/controlled-pure/command.json
a9e3eb970d524c344f910e1945afc85ea77ef9efabfbf9ec697c65878944dcb5	54212	fresh-receipts/controlled-pure/stderr.log
d980f9d8c44be2f00b804ca5b94d7c19fa629de2c843315f4dd9af12f66c31ad	1431	fresh-receipts/controlled-pure/stdout.log
7cd757268258d8cdd8f650b07f24ab1953ce6487ca182e990deadabc27575f36	1195	fresh-receipts/git-apply/command.json
e3b0c44298fc1c149afbf4c8996fb92427ae41e4649b934ca495991b7852b855	0	fresh-receipts/git-apply/stderr.log
e3b0c44298fc1c149afbf4c8996fb92427ae41e4649b934ca495991b7852b855	0	fresh-receipts/git-apply/stdout.log
1084ee4ba14dcdcaf7eda58d99a4d15fa594dc99f4729b9381a43f5a5399fc15	1228	fresh-receipts/git-apply-check/command.json
e3b0c44298fc1c149afbf4c8996fb92427ae41e4649b934ca495991b7852b855	0	fresh-receipts/git-apply-check/stderr.log
e3b0c44298fc1c149afbf4c8996fb92427ae41e4649b934ca495991b7852b855	0	fresh-receipts/git-apply-check/stdout.log
58b1bc5434e1c2290f4aa3f7446adb1a78b010d8044eb1a248c4ab3362c7180c	1330	fresh-receipts/outer-default-fourteen-01/command.json
e3b0c44298fc1c149afbf4c8996fb92427ae41e4649b934ca495991b7852b855	0	fresh-receipts/outer-default-fourteen-01/stderr.log
a1e58516504137100845bc33a5cef27dd804ddf34c168d5ca62f434c3b56bf53	2495	fresh-receipts/outer-default-fourteen-01/stdout.log
3ba5e6cd2ea8dfcf254cfdd62948e67fd526e6d1f9d57bc25eda17a026c8019c	847	fresh-receipts/owner-final-readback-01/command.json
e3b0c44298fc1c149afbf4c8996fb92427ae41e4649b934ca495991b7852b855	0	fresh-receipts/owner-final-readback-01/stderr.log
37765249b7714ded2fe71bb6a4b4cebdebd1be65fe84afad7b0f7d750212cfc1	907	fresh-receipts/owner-final-readback-01/stdout.log
147ae02c7e9854b166c94f52c89cea29bd7fe715dcebd3fd29d16e52d38172ce	2071	fresh-receipts/rustc-version/command.json
e3b0c44298fc1c149afbf4c8996fb92427ae41e4649b934ca495991b7852b855	0	fresh-receipts/rustc-version/stderr.log
4fdff2578428e9c5c08ddd7a0d3079c1a106b1cdaa46e73e46f7cd32b0fb9cad	196	fresh-receipts/rustc-version/stdout.log
bd55f08deccf95a121554e0eda1003706c0e0586350f170ffbcbcf431f1270dc	2256	fresh-receipts/stock-WS-affinity/command.json
4b9e0130d3029c30a45cfa0314d0752d8eafe8155b7351ac6411f0c9dee171c8	747	fresh-receipts/stock-WS-affinity/stderr.log
20197ecc7276d293a64fbc00b618a890cd515cfde895ee73c37de8e565f5d9d5	336	fresh-receipts/stock-WS-affinity/stdout.log
fc2caacb4cd88c4d90d1d6de2fa00192973e89fe1e679a8775cd3b4802b799fa	2257	fresh-receipts/stock-internal-cache/command.json
2b1f5f5b16a794c7636832069b419320531cfce7f6c49f5fbec68e9718928121	747	fresh-receipts/stock-internal-cache/stderr.log
c39c3c996537193ccc583b89bca1aeb8d619f9a0a9b8a0fa302a8580b4f250ab	203	fresh-receipts/stock-internal-cache/stdout.log
a67af6a1480ad093307305a7481c963247660ce587b1a3982e3925bbf0001634	1036	owner-final/COMMIT-BINDING.json
a642692d22c877ee98dc4833281b430c29c9c29f87734e8bf5c8f0f6c731008d	23605	owner-final/FINAL-ARTIFACT-MANIFEST.json
f4ebdbc231b34da1f6837b94a5103a098fab51a8351922b5c486732600a228d3	4569	owner-final/REPORT.md
695c6286877b390b16d5a8d99f1556ff25f7c9e96e463c118d303e42db8b0897	832	owner-final/SEAL.json
5dc8ca903e40d14f3f83edee0260567a297d30a290eebb725e69be6b19c07688	415	owner-frozen/COMMENT-ONLY-BINDING.json
ba59bec6799047c3a7003e7a3e8bd5578b5ea16056c099c22ae0969a22de44bb	1629	owner-frozen/COMMENT-ONLY.diff
7e6c872b29e6acb37991d6c119485ca6dbeeb03305627c40e91aae9639857abc	970	owner-frozen/ENGINEERING-SOURCE-FREEZE-01.json
5cae897c4957a70fe54d4fae21642827d5818ca08144e07c1bac752accd3da66	1353	owner-frozen/EXACT-SELECTION-AND-COMMENT-READBACK.json
f711d752840213a1cb017469658889e29e6bff327767892f2ebb6f42c084fc21	800	owner-frozen/EXISTING-OUTPUT-REJECTION.json
d048e7875202bce7899c81bd35cc72932c69cc61f0ecc5d31681a7a728d83b93	202	owner-frozen/EXISTING-OUTPUT.stderr
e3b0c44298fc1c149afbf4c8996fb92427ae41e4649b934ca495991b7852b855	0	owner-frozen/EXISTING-OUTPUT.stdout
903f5df3c18d42b1459bf045897f8ef3081a3db558aacdd6a67da6fde7c4fea4	119915	owner-frozen/FAILED-01-core-producer.patch
37765249b7714ded2fe71bb6a4b4cebdebd1be65fe84afad7b0f7d750212cfc1	907	owner-frozen/FINAL-READBACK.json
bb53d7be777889e3d56014b7f852bca36564126e930cf5978783c961cd50e81e	2464	owner-frozen/SOURCE-ONLY-PRESERVATION.json
d8dcd26bb0ffb71f9772f7f73d71e8e0df54eee89f35154b1bc49f379b60f4bb	120070	owner-frozen/core-producer-raw.patch
256143cdda8c001d733611aa19b758ea0c653b48d0d8e6dd3192ade0be3a296e	1854827	prepare-graphs/normalized-files.json
8fcd67d47d16b4c2a740726e9546d7bb1daccb56bb8cbe2741b1458b3121e7d4	1853598	prepare-graphs/original-files.json
c4f85a126f5ae6f9ac2ed7d24aa1628f47c0f9cfd84597b5ebff14e0cbfaf409	1854827	prepare-graphs/patched-files.json
e3b0c44298fc1c149afbf4c8996fb92427ae41e4649b934ca495991b7852b855	0	prepare-review.stderr.log
5fec9656e8ac5917c329f250387da48eb9b7a36410bc4c5d9d5f10023ace8e5c	591	prepare-review.stdout.log
1b625bbce5523d22cc827557234437846c9d0540d8a12f81389c8e70c3183a01	4128	read_only_final_binding.py
59913a25439e904ba5697f5b725a256c059b9f3de22b604b5a306539e13596d7	12771	read_only_prepare_check.py
f30cb875ccd4c75f9b523c85186a8a3746c296ad78677f6460478c6ee2e6325b	9556	read_only_terminal_check.py
aff2814b3303c308cdd788921735b370ae6f708c317a205b6641e08a98fe0513	860	receipts/owned-output-rejection-01/command.json
e3b0c44298fc1c149afbf4c8996fb92427ae41e4649b934ca495991b7852b855	0	receipts/owned-output-rejection-01/stderr.log
fbea961d5fb68be676977a5266cdb3b474b4e387b5f56ebd5b3b617e49867148	88	receipts/owned-output-rejection-01/stdout.log
2b9d7f4e9713d6db44981d9e3733261e5aab61183e6b04e1127ca87acbaa2d13	1108	receipts/prepare-only-01/command.json
fcfb47fb85eb1e5d1b6bfec1a3ec56c2071d82ee11da3ff68a4d86c5c7185cb9	1218	receipts/prepare-only-01/git-apply-check/command.json
41fa74689a1efb8450b1e90a104f2cca5b1d211bb32b7e1f43291af8eb7f6a4a	258	receipts/prepare-only-01/git-apply-check/stderr.log
e3b0c44298fc1c149afbf4c8996fb92427ae41e4649b934ca495991b7852b855	0	receipts/prepare-only-01/git-apply-check/stdout.log
6d5688a1b60d02608584809d26a0f3107155560b84aabd52e2e8b528a62ddb71	57	receipts/prepare-only-01/stderr.log
de9ea8329df9efe8e45518822e5aab8265092b4e7834cac08358f54dc4d485d6	243	receipts/prepare-only-01/stdout.log
ba4263a8cffced133738cff9b19effbb12e17459adea9b28e91860cd0614abf4	1107	receipts/prepare-only-02/command.json
02c59fcf41a2acbd3139c21f883762ded90d02898994a0be55dc0970cf5a89ab	1183	receipts/prepare-only-02/git-apply/command.json
e3b0c44298fc1c149afbf4c8996fb92427ae41e4649b934ca495991b7852b855	0	receipts/prepare-only-02/git-apply/stderr.log
e3b0c44298fc1c149afbf4c8996fb92427ae41e4649b934ca495991b7852b855	0	receipts/prepare-only-02/git-apply/stdout.log
caeb2a3ee69ecc9b88080e4cf6dc03d82b2ccc5da44cff3060d589b81cbff5dc	1216	receipts/prepare-only-02/git-apply-check/command.json
e3b0c44298fc1c149afbf4c8996fb92427ae41e4649b934ca495991b7852b855	0	receipts/prepare-only-02/git-apply-check/stderr.log
e3b0c44298fc1c149afbf4c8996fb92427ae41e4649b934ca495991b7852b855	0	receipts/prepare-only-02/git-apply-check/stdout.log
e3b0c44298fc1c149afbf4c8996fb92427ae41e4649b934ca495991b7852b855	0	receipts/prepare-only-02/stderr.log
9065b9e3c0de07f6a78ada95ca67c962719460897b45116867e68e80ac20c22e	311	receipts/prepare-only-02/stdout.log
b308872cceb9d0588bc9e2f6aa2ba62d5dc0e3cd505425f6009217cd1dc24400	857	receipts/replay-ruff-01/command.json
e3b0c44298fc1c149afbf4c8996fb92427ae41e4649b934ca495991b7852b855	0	receipts/replay-ruff-01/stderr.log
82b3e6a6c090a57601d22943bd23fca9218d1031dbe5a7b754092f9a156b4f18	19	receipts/replay-ruff-01/stdout.log
ad7000395a5e5269311b6ab9f69c5647c7003bde35d52d2db4dd6caa8c3f5443	1027	receipts/rustfmt-comment-check-01/command.json
e3b0c44298fc1c149afbf4c8996fb92427ae41e4649b934ca495991b7852b855	0	receipts/rustfmt-comment-check-01/stderr.log
e3b0c44298fc1c149afbf4c8996fb92427ae41e4649b934ca495991b7852b855	0	receipts/rustfmt-comment-check-01/stdout.log
e25a3c3484d53342b875db7ad73866aaf77e35fd6f6e4256940d0ef350688732	756	receipts/staged-diff-check-01/command.json
e3b0c44298fc1c149afbf4c8996fb92427ae41e4649b934ca495991b7852b855	0	receipts/staged-diff-check-01/stderr.log
e3b0c44298fc1c149afbf4c8996fb92427ae41e4649b934ca495991b7852b855	0	receipts/staged-diff-check-01/stdout.log
565b16b04662198b65162f4a237b76240c5d633806698cbfa3f01f2fe5abefd5	755	receipts/staged-publication-check-01/command.json
e3b0c44298fc1c149afbf4c8996fb92427ae41e4649b934ca495991b7852b855	0	receipts/staged-publication-check-01/stderr.log
5539794bc33672cee31ffe1ee654f86ee3a74f2a6a42da75a606fccba9d46e89	115	receipts/staged-publication-check-01/stdout.log
d1fe8ea3c755a32bb7add7654d0703d7a9126fb97e60af087fc129078aff62c2	27319	reports/default-fourteen-01.json
3043bcbddfc2aaf515c19d366bf408ae0a418b02200e62afb60f82dce070e35c	19602	reports/prepare-only-01-source-input.json
57ea8421f3d0eef9350795f55852bf3ab756789b85d87b94c2e1aa524f439d3d	3363	reports/prepare-only-01.json
1959e7d1667da86040ba83e4be025e16c0d17eb4e0e5fd67eeeb5cdb6803cc85	19686	reports/prepare-only-02-source-input.json
5e52484005a57293fbad728e6c85e713a6070b54663fca2be4905bf8e2782546	7653	reports/prepare-only-02.json
06652477e7987a866a7f16043247450f7a91af428204fcc3b5f29f620127347b	1499	seal_review.py
d17f227e4df5da1600391338865ce0f3055211760a36688f816941d58232d8dc	10926	source/scripts/codex-turn/LICENSE
9d71575ecfd9a843fc1677b0efb08053c6ba9fd686a0de1a6f5382fd3c220915	242	source/scripts/codex-turn/NOTICE
9e55398a39428bfe1fea786d8a6b10c982dd58017bcc272cddb5c9be00017270	12808	source/scripts/codex-turn/README.md
1959e7d1667da86040ba83e4be025e16c0d17eb4e0e5fd67eeeb5cdb6803cc85	19686	source/scripts/codex-turn/core-producer-source.json
d2decff37fc925384c3f521137cc42e5fe3fa1be3af0cdbc3df600078bcc4996	120041	source/scripts/codex-turn/core-producer.patch
a548b10c30b9c43fcfb962de03b522afbe5de36767b72776783cd413cb3f063e	11767	source/scripts/codex-turn/replay_core_producer.py
6f7a60156e525e4ff11495d3598191eb3aa3ea734f494299299b348deb91880f	19329	source/scripts/codex-turn/replay_http_gate.py
e3b0c44298fc1c149afbf4c8996fb92427ae41e4649b934ca495991b7852b855	0	terminal-review.stderr.log
8c38b169fd719551de65c3fbe99439e3f8f18f7f059c6ac4152df5f437432996	665	terminal-review.stdout.log
